employee_id,fecha,dia_semana,org_unit_id,cargo,shift_id,es_saliente,nota
15777895-1,2026-02-23,LUN,PERU 805,Operador,S_1130_2130_60,0,etapa3_final
15777895-1,2026-02-24,MAR,PERU 805,Operador,LIBRE,0,etapa3_final
15777895-1,2026-02-25,MIE,PERU 805,Operador,LIBRE,0,etapa3_final
15777895-1,2026-02-26,JUE,PERU 805,Operador,LIBRE,0,etapa3_final
15777895-1,2026-02-27,VIE,PERU 805,Operador,LIBRE,0,etapa3_final
15777895-1,2026-02-28,SAB,PERU 805,Operador,LIBRE,0,etapa3_final
15777895-1,2026-03-01,DOM,PERU 805,Operador,LIBRE,0,etapa3_final
15777895-1,2026-03-02,LUN,PERU 805,Operador,S_1130_2130_60,0,etapa3_final
15777895-1,2026-03-03,MAR,PERU 805,Operador,LIBRE,0,etapa3_final
15777895-1,2026-03-04,MIE,PERU 805,Operador,LIBRE,0,etapa3_final
15777895-1,2026-03-05,JUE,PERU 805,Operador,LIBRE,0,etapa3_final
15777895-1,2026-03-06,VIE,PERU 805,Operador,LIBRE,0,etapa3_final
15777895-1,2026-03-07,SAB,PERU 805,Operador,LIBRE,0,etapa3_final
15777895-1,2026-03-08,DOM,PERU 805,Operador,LIBRE,0,etapa3_final
15777895-1,2026-03-09,LUN,PERU 805,Operador,S_1130_2130_60,0,etapa3_final
15777895-1,2026-03-10,MAR,PERU 805,Operador,LIBRE,0,etapa3_final
15777895-1,2026-03-11,MIE,PERU 805,Operador,LIBRE,0,etapa3_final
15777895-1,2026-03-12,JUE,PERU 805,Operador,LIBRE,0,etapa3_final
15777895-1,2026-03-13,VIE,PERU 805,Operador,LIBRE,0,etapa3_final
15777895-1,2026-03-14,SAB,PERU 805,Operador,LIBRE,0,etapa3_final
15777895-1,2026-03-15,DOM,PERU 805,Operador,LIBRE,0,etapa3_final
15777895-1,2026-03-16,LUN,PERU 805,Operador,S_1130_2130_60,0,etapa3_final
15777895-1,2026-03-17,MAR,PERU 805,Operador,LIBRE,0,etapa3_final
15777895-1,2026-03-18,MIE,PERU 805,Operador,LIBRE,0,etapa3_final
15777895-1,2026-03-19,JUE,PERU 805,Operador,LIBRE,0,etapa3_final
15777895-1,2026-03-20,VIE,PERU 805,Operador,LIBRE,0,etapa3_final
15777895-1,2026-03-21,SAB,PERU 805,Operador,LIBRE,0,etapa3_final
15777895-1,2026-03-22,DOM,PERU 805,Operador,LIBRE,0,etapa3_final
15777895-1,2026-03-23,LUN,PERU 805,Operador,S_1130_2130_60,0,etapa3_final
15777895-1,2026-03-24,MAR,PERU 805,Operador,LIBRE,0,etapa3_final
15777895-1,2026-03-25,MIE,PERU 805,Operador,LIBRE,0,etapa3_final
15777895-1,2026-03-26,JUE,PERU 805,Operador,LIBRE,0,etapa3_final
15777895-1,2026-03-27,VIE,PERU 805,Operador,LIBRE,0,etapa3_final
15777895-1,2026-03-28,SAB,PERU 805,Operador,LIBRE,0,etapa3_final
15777895-1,2026-03-29,DOM,PERU 805,Operador,LIBRE,0,etapa3_final
17375535-K,2026-02-23,LUN,PERU 805,Operador,S_0730_1730_60,0,etapa3_final
17375535-K,2026-02-24,MAR,PERU 805,Operador,LIBRE,0,etapa3_final
17375535-K,2026-02-25,MIE,PERU 805,Operador,LM,0,etapa3_final
17375535-K,2026-02-26,JUE,PERU 805,Operador,LM,0,etapa3_final
17375535-K,2026-02-27,VIE,PERU 805,Operador,LM,0,etapa3_final
17375535-K,2026-02-28,SAB,PERU 805,Operador,LM,0,etapa3_final
17375535-K,2026-03-01,DOM,PERU 805,Operador,LM,0,etapa3_final
17375535-K,2026-03-02,LUN,PERU 805,Operador,LM,0,etapa3_final
17375535-K,2026-03-03,MAR,PERU 805,Operador,LM,0,etapa3_final
17375535-K,2026-03-04,MIE,PERU 805,Operador,LM,0,etapa3_final
17375535-K,2026-03-05,JUE,PERU 805,Operador,LM,0,etapa3_final
17375535-K,2026-03-06,VIE,PERU 805,Operador,LM,0,etapa3_final
17375535-K,2026-03-07,SAB,PERU 805,Operador,LM,0,etapa3_final
17375535-K,2026-03-08,DOM,PERU 805,Operador,LM,0,etapa3_final
17375535-K,2026-03-09,LUN,PERU 805,Operador,LM,0,etapa3_final
17375535-K,2026-03-10,MAR,PERU 805,Operador,LM,0,etapa3_final
17375535-K,2026-03-11,MIE,PERU 805,Operador,LM,0,etapa3_final
17375535-K,2026-03-12,JUE,PERU 805,Operador,LM,0,etapa3_final
17375535-K,2026-03-13,VIE,PERU 805,Operador,LM,0,etapa3_final
17375535-K,2026-03-14,SAB,PERU 805,Operador,LM,0,etapa3_final
17375535-K,2026-03-15,DOM,PERU 805,Operador,LM,0,etapa3_final
17375535-K,2026-03-16,LUN,PERU 805,Operador,S_1130_2130_60,0,etapa3_final
17375535-K,2026-03-17,MAR,PERU 805,Operador,LIBRE,0,etapa3_final
17375535-K,2026-03-18,MIE,PERU 805,Operador,LIBRE,0,etapa3_final
17375535-K,2026-03-19,JUE,PERU 805,Operador,LIBRE,0,etapa3_final
17375535-K,2026-03-20,VIE,PERU 805,Operador,LIBRE,0,etapa3_final
17375535-K,2026-03-21,SAB,PERU 805,Operador,LIBRE,0,etapa3_final
17375535-K,2026-03-22,DOM,PERU 805,Operador,LIBRE,0,etapa3_final
17375535-K,2026-03-23,LUN,PERU 805,Operador,S_1130_2130_60,0,etapa3_final
17375535-K,2026-03-24,MAR,PERU 805,Operador,LIBRE,0,etapa3_final
17375535-K,2026-03-25,MIE,PERU 805,Operador,LIBRE,0,etapa3_final
17375535-K,2026-03-26,JUE,PERU 805,Operador,LIBRE,0,etapa3_final
17375535-K,2026-03-27,VIE,PERU 805,Operador,LIBRE,0,etapa3_final
17375535-K,2026-03-28,SAB,PERU 805,Operador,LIBRE,0,etapa3_final
17375535-K,2026-03-29,DOM,PERU 805,Operador,LIBRE,0,etapa3_final
21038278-K,2026-02-23,LUN,PERU 805,Operador pt,LIBRE,0,etapa3_final
21038278-K,2026-02-24,MAR,PERU 805,Operador pt,LIBRE,0,etapa3_final
21038278-K,2026-02-25,MIE,PERU 805,Operador pt,LIBRE,0,etapa3_final
21038278-K,2026-02-26,JUE,PERU 805,Operador pt,LIBRE,0,etapa3_final
21038278-K,2026-02-27,VIE,PERU 805,Operador pt,LIBRE,0,etapa3_final
21038278-K,2026-02-28,SAB,PERU 805,Operador pt,LIBRE,0,etapa3_final
21038278-K,2026-03-01,DOM,PERU 805,Operador pt,LIBRE,0,etapa3_final
21038278-K,2026-03-02,LUN,PERU 805,Operador pt,LIBRE,0,etapa3_final
21038278-K,2026-03-03,MAR,PERU 805,Operador pt,LIBRE,0,etapa3_final
21038278-K,2026-03-04,MIE,PERU 805,Operador pt,LIBRE,0,etapa3_final
21038278-K,2026-03-05,JUE,PERU 805,Operador pt,LIBRE,0,etapa3_final
21038278-K,2026-03-06,VIE,PERU 805,Operador pt,LIBRE,0,etapa3_final
21038278-K,2026-03-07,SAB,PERU 805,Operador pt,LIBRE,0,etapa3_final
21038278-K,2026-03-08,DOM,PERU 805,Operador pt,LIBRE,0,etapa3_final
21038278-K,2026-03-09,LUN,PERU 805,Operador pt,LIBRE,0,etapa3_final
21038278-K,2026-03-10,MAR,PERU 805,Operador pt,LIBRE,0,etapa3_final
21038278-K,2026-03-11,MIE,PERU 805,Operador pt,LIBRE,0,etapa3_final
21038278-K,2026-03-12,JUE,PERU 805,Operador pt,LIBRE,0,etapa3_final
21038278-K,2026-03-13,VIE,PERU 805,Operador pt,LIBRE,0,etapa3_final
21038278-K,2026-03-14,SAB,PERU 805,Operador pt,LIBRE,0,etapa3_final
21038278-K,2026-03-15,DOM,PERU 805,Operador pt,LIBRE,0,etapa3_final
21038278-K,2026-03-16,LUN,PERU 805,Operador pt,LIBRE,0,etapa3_final
21038278-K,2026-03-17,MAR,PERU 805,Operador pt,LIBRE,0,etapa3_final
21038278-K,2026-03-18,MIE,PERU 805,Operador pt,LIBRE,0,etapa3_final
21038278-K,2026-03-19,JUE,PERU 805,Operador pt,LIBRE,0,etapa3_final
21038278-K,2026-03-20,VIE,PERU 805,Operador pt,LIBRE,0,etapa3_final
21038278-K,2026-03-21,SAB,PERU 805,Operador pt,LIBRE,0,etapa3_final
21038278-K,2026-03-22,DOM,PERU 805,Operador pt,LIBRE,0,etapa3_final
21038278-K,2026-03-23,LUN,PERU 805,Operador pt,LIBRE,0,etapa3_final
21038278-K,2026-03-24,MAR,PERU 805,Operador pt,LIBRE,0,etapa3_final
21038278-K,2026-03-25,MIE,PERU 805,Operador pt,LIBRE,0,etapa3_final
21038278-K,2026-03-26,JUE,PERU 805,Operador pt,LIBRE,0,etapa3_final
21038278-K,2026-03-27,VIE,PERU 805,Operador pt,LIBRE,0,etapa3_final
21038278-K,2026-03-28,SAB,PERU 805,Operador pt,LIBRE,0,etapa3_final
21038278-K,2026-03-29,DOM,PERU 805,Operador pt,LIBRE,0,etapa3_final
22427708-3,2026-02-23,LUN,PERU 805,Operador,S_0730_1730_60,0,etapa3_final
22427708-3,2026-02-24,MAR,PERU 805,Operador,LIBRE,0,etapa3_final
22427708-3,2026-02-25,MIE,PERU 805,Operador,LIBRE,0,etapa3_final
22427708-3,2026-02-26,JUE,PERU 805,Operador,LIBRE,0,etapa3_final
22427708-3,2026-02-27,VIE,PERU 805,Operador,LIBRE,0,etapa3_final
22427708-3,2026-02-28,SAB,PERU 805,Operador,LIBRE,0,etapa3_final
22427708-3,2026-03-01,DOM,PERU 805,Operador,LIBRE,0,etapa3_final
22427708-3,2026-03-02,LUN,PERU 805,Operador,S_1130_2130_60,0,etapa3_final
22427708-3,2026-03-03,MAR,PERU 805,Operador,LIBRE,0,etapa3_final
22427708-3,2026-03-04,MIE,PERU 805,Operador,LIBRE,0,etapa3_final
22427708-3,2026-03-05,JUE,PERU 805,Operador,LIBRE,0,etapa3_final
22427708-3,2026-03-06,VIE,PERU 805,Operador,LIBRE,0,etapa3_final
22427708-3,2026-03-07,SAB,PERU 805,Operador,LIBRE,0,etapa3_final
22427708-3,2026-03-08,DOM,PERU 805,Operador,LIBRE,0,etapa3_final
22427708-3,2026-03-09,LUN,PERU 805,Operador,S_1130_2130_60,0,etapa3_final
22427708-3,2026-03-10,MAR,PERU 805,Operador,LIBRE,0,etapa3_final
22427708-3,2026-03-11,MIE,PERU 805,Operador,LIBRE,0,etapa3_final
22427708-3,2026-03-12,JUE,PERU 805,Operador,LIBRE,0,etapa3_final
22427708-3,2026-03-13,VIE,PERU 805,Operador,LIBRE,0,etapa3_final
22427708-3,2026-03-14,SAB,PERU 805,Operador,LIBRE,0,etapa3_final
22427708-3,2026-03-15,DOM,PERU 805,Operador,LIBRE,0,etapa3_final
22427708-3,2026-03-16,LUN,PERU 805,Operador,S_0730_1730_60,0,etapa3_final
22427708-3,2026-03-17,MAR,PERU 805,Operador,LIBRE,0,etapa3_final
22427708-3,2026-03-18,MIE,PERU 805,Operador,LIBRE,0,etapa3_final
22427708-3,2026-03-19,JUE,PERU 805,Operador,LIBRE,0,etapa3_final
22427708-3,2026-03-20,VIE,PERU 805,Operador,LIBRE,0,etapa3_final
22427708-3,2026-03-21,SAB,PERU 805,Operador,LIBRE,0,etapa3_final
22427708-3,2026-03-22,DOM,PERU 805,Operador,LIBRE,0,etapa3_final
22427708-3,2026-03-23,LUN,PERU 805,Operador,S_0730_1730_60,0,etapa3_final
22427708-3,2026-03-24,MAR,PERU 805,Operador,LIBRE,0,etapa3_final
22427708-3,2026-03-25,MIE,PERU 805,Operador,LIBRE,0,etapa3_final
22427708-3,2026-03-26,JUE,PERU 805,Operador,LIBRE,0,etapa3_final
22427708-3,2026-03-27,VIE,PERU 805,Operador,LIBRE,0,etapa3_final
22427708-3,2026-03-28,SAB,PERU 805,Operador,LIBRE,0,etapa3_final
22427708-3,2026-03-29,DOM,PERU 805,Operador,LIBRE,0,etapa3_final
25589838-8,2026-02-23,LUN,PERU 805,Operador pt,LIBRE,0,etapa3_final
25589838-8,2026-02-24,MAR,PERU 805,Operador pt,LIBRE,0,etapa3_final
25589838-8,2026-02-25,MIE,PERU 805,Operador pt,LIBRE,0,etapa3_final
25589838-8,2026-02-26,JUE,PERU 805,Operador pt,LIBRE,0,etapa3_final
25589838-8,2026-02-27,VIE,PERU 805,Operador pt,LIBRE,0,etapa3_final
25589838-8,2026-02-28,SAB,PERU 805,Operador pt,LIBRE,0,etapa3_final
25589838-8,2026-03-01,DOM,PERU 805,Operador pt,LIBRE,0,etapa3_final
25589838-8,2026-03-02,LUN,PERU 805,Operador pt,LIBRE,0,etapa3_final
25589838-8,2026-03-03,MAR,PERU 805,Operador pt,LIBRE,0,etapa3_final
25589838-8,2026-03-04,MIE,PERU 805,Operador pt,LIBRE,0,etapa3_final
25589838-8,2026-03-05,JUE,PERU 805,Operador pt,LIBRE,0,etapa3_final
25589838-8,2026-03-06,VIE,PERU 805,Operador pt,LIBRE,0,etapa3_final
25589838-8,2026-03-07,SAB,PERU 805,Operador pt,LIBRE,0,etapa3_final
25589838-8,2026-03-08,DOM,PERU 805,Operador pt,LIBRE,0,etapa3_final
25589838-8,2026-03-09,LUN,PERU 805,Operador pt,LIBRE,0,etapa3_final
25589838-8,2026-03-10,MAR,PERU 805,Operador pt,LIBRE,0,etapa3_final
25589838-8,2026-03-11,MIE,PERU 805,Operador pt,LIBRE,0,etapa3_final
25589838-8,2026-03-12,JUE,PERU 805,Operador pt,LIBRE,0,etapa3_final
25589838-8,2026-03-13,VIE,PERU 805,Operador pt,LIBRE,0,etapa3_final
25589838-8,2026-03-14,SAB,PERU 805,Operador pt,LIBRE,0,etapa3_final
25589838-8,2026-03-15,DOM,PERU 805,Operador pt,LIBRE,0,etapa3_final
25589838-8,2026-03-16,LUN,PERU 805,Operador pt,LIBRE,0,etapa3_final
25589838-8,2026-03-17,MAR,PERU 805,Operador pt,LIBRE,0,etapa3_final
25589838-8,2026-03-18,MIE,PERU 805,Operador pt,LIBRE,0,etapa3_final
25589838-8,2026-03-19,JUE,PERU 805,Operador pt,LIBRE,0,etapa3_final
25589838-8,2026-03-20,VIE,PERU 805,Operador pt,LIBRE,0,etapa3_final
25589838-8,2026-03-21,SAB,PERU 805,Operador pt,LIBRE,0,etapa3_final
25589838-8,2026-03-22,DOM,PERU 805,Operador pt,LIBRE,0,etapa3_final
25589838-8,2026-03-23,LUN,PERU 805,Operador pt,LIBRE,0,etapa3_final
25589838-8,2026-03-24,MAR,PERU 805,Operador pt,LIBRE,0,etapa3_final
25589838-8,2026-03-25,MIE,PERU 805,Operador pt,LIBRE,0,etapa3_final
25589838-8,2026-03-26,JUE,PERU 805,Operador pt,LIBRE,0,etapa3_final
25589838-8,2026-03-27,VIE,PERU 805,Operador pt,LIBRE,0,etapa3_final
25589838-8,2026-03-28,SAB,PERU 805,Operador pt,LIBRE,0,etapa3_final
25589838-8,2026-03-29,DOM,PERU 805,Operador pt,LIBRE,0,etapa3_final
26411457-8,2026-02-23,LUN,PERU 805,Administrador de tienda,LIBRE,0,etapa3_final
26411457-8,2026-02-24,MAR,PERU 805,Administrador de tienda,LIBRE,0,etapa3_final
26411457-8,2026-02-25,MIE,PERU 805,Administrador de tienda,LIBRE,0,etapa3_final
26411457-8,2026-02-26,JUE,PERU 805,Administrador de tienda,LIBRE,0,etapa3_final
26411457-8,2026-02-27,VIE,PERU 805,Administrador de tienda,LIBRE,0,etapa3_final
26411457-8,2026-02-28,SAB,PERU 805,Administrador de tienda,LIBRE,0,etapa3_final
26411457-8,2026-03-01,DOM,PERU 805,Administrador de tienda,LIBRE,0,etapa3_final
26411457-8,2026-03-02,LUN,PERU 805,Administrador de tienda,LIBRE,0,etapa3_final
26411457-8,2026-03-03,MAR,PERU 805,Administrador de tienda,LIBRE,0,etapa3_final
26411457-8,2026-03-04,MIE,PERU 805,Administrador de tienda,LIBRE,0,etapa3_final
26411457-8,2026-03-05,JUE,PERU 805,Administrador de tienda,LIBRE,0,etapa3_final
26411457-8,2026-03-06,VIE,PERU 805,Administrador de tienda,LIBRE,0,etapa3_final
26411457-8,2026-03-07,SAB,PERU 805,Administrador de tienda,LIBRE,0,etapa3_final
26411457-8,2026-03-08,DOM,PERU 805,Administrador de tienda,LIBRE,0,etapa3_final
26411457-8,2026-03-09,LUN,PERU 805,Administrador de tienda,LIBRE,0,etapa3_final
26411457-8,2026-03-10,MAR,PERU 805,Administrador de tienda,LIBRE,0,etapa3_final
26411457-8,2026-03-11,MIE,PERU 805,Administrador de tienda,LIBRE,0,etapa3_final
26411457-8,2026-03-12,JUE,PERU 805,Administrador de tienda,LIBRE,0,etapa3_final
26411457-8,2026-03-13,VIE,PERU 805,Administrador de tienda,LIBRE,0,etapa3_final
26411457-8,2026-03-14,SAB,PERU 805,Administrador de tienda,LIBRE,0,etapa3_final
26411457-8,2026-03-15,DOM,PERU 805,Administrador de tienda,LIBRE,0,etapa3_final
26411457-8,2026-03-16,LUN,PERU 805,Administrador de tienda,LIBRE,0,etapa3_final
26411457-8,2026-03-17,MAR,PERU 805,Administrador de tienda,LIBRE,0,etapa3_final
26411457-8,2026-03-18,MIE,PERU 805,Administrador de tienda,LIBRE,0,etapa3_final
26411457-8,2026-03-19,JUE,PERU 805,Administrador de tienda,LIBRE,0,etapa3_final
26411457-8,2026-03-20,VIE,PERU 805,Administrador de tienda,LIBRE,0,etapa3_final
26411457-8,2026-03-21,SAB,PERU 805,Administrador de tienda,LIBRE,0,etapa3_final
26411457-8,2026-03-22,DOM,PERU 805,Administrador de tienda,LIBRE,0,etapa3_final
26411457-8,2026-03-23,LUN,PERU 805,Administrador de tienda,LIBRE,0,etapa3_final
26411457-8,2026-03-24,MAR,PERU 805,Administrador de tienda,LIBRE,0,etapa3_final
26411457-8,2026-03-25,MIE,PERU 805,Administrador de tienda,LIBRE,0,etapa3_final
26411457-8,2026-03-26,JUE,PERU 805,Administrador de tienda,LIBRE,0,etapa3_final
26411457-8,2026-03-27,VIE,PERU 805,Administrador de tienda,LIBRE,0,etapa3_final
26411457-8,2026-03-28,SAB,PERU 805,Administrador de tienda,LIBRE,0,etapa3_final
26411457-8,2026-03-29,DOM,PERU 805,Administrador de tienda,LIBRE,0,etapa3_final
8222478-5,2026-02-23,LUN,PERU 805,Administrador de tienda Jr,S_1130_2130_60,0,etapa3_final
8222478-5,2026-02-24,MAR,PERU 805,Administrador de tienda Jr,LIBRE,0,etapa3_final
8222478-5,2026-02-25,MIE,PERU 805,Administrador de tienda Jr,LIBRE,0,etapa3_final
8222478-5,2026-02-26,JUE,PERU 805,Administrador de tienda Jr,LIBRE,0,etapa3_final
8222478-5,2026-02-27,VIE,PERU 805,Administrador de tienda Jr,LIBRE,0,etapa3_final
8222478-5,2026-02-28,SAB,PERU 805,Administrador de tienda Jr,LIBRE,0,etapa3_final
8222478-5,2026-03-01,DOM,PERU 805,Administrador de tienda Jr,LIBRE,0,etapa3_final
8222478-5,2026-03-02,LUN,PERU 805,Administrador de tienda Jr,S_0730_1730_60,0,etapa3_final
8222478-5,2026-03-03,MAR,PERU 805,Administrador de tienda Jr,LIBRE,0,etapa3_final
8222478-5,2026-03-04,MIE,PERU 805,Administrador de tienda Jr,LIBRE,0,etapa3_final
8222478-5,2026-03-05,JUE,PERU 805,Administrador de tienda Jr,LIBRE,0,etapa3_final
8222478-5,2026-03-06,VIE,PERU 805,Administrador de tienda Jr,LIBRE,0,etapa3_final
8222478-5,2026-03-07,SAB,PERU 805,Administrador de tienda Jr,LIBRE,0,etapa3_final
8222478-5,2026-03-08,DOM,PERU 805,Administrador de tienda Jr,LIBRE,0,etapa3_final
8222478-5,2026-03-09,LUN,PERU 805,Administrador de tienda Jr,S_0730_1730_60,0,etapa3_final
8222478-5,2026-03-10,MAR,PERU 805,Administrador de tienda Jr,LIBRE,0,etapa3_final
8222478-5,2026-03-11,MIE,PERU 805,Administrador de tienda Jr,LIBRE,0,etapa3_final
8222478-5,2026-03-12,JUE,PERU 805,Administrador de tienda Jr,LIBRE,0,etapa3_final
8222478-5,2026-03-13,VIE,PERU 805,Administrador de tienda Jr,LIBRE,0,etapa3_final
8222478-5,2026-03-14,SAB,PERU 805,Administrador de tienda Jr,LIBRE,0,etapa3_final
8222478-5,2026-03-15,DOM,PERU 805,Administrador de tienda Jr,LIBRE,0,etapa3_final
8222478-5,2026-03-16,LUN,PERU 805,Administrador de tienda Jr,S_0730_1730_60,0,etapa3_final
8222478-5,2026-03-17,MAR,PERU 805,Administrador de tienda Jr,LIBRE,0,etapa3_final
8222478-5,2026-03-18,MIE,PERU 805,Administrador de tienda Jr,LIBRE,0,etapa3_final
8222478-5,2026-03-19,JUE,PERU 805,Administrador de tienda Jr,LIBRE,0,etapa3_final
8222478-5,2026-03-20,VIE,PERU 805,Administrador de tienda Jr,LIBRE,0,etapa3_final
8222478-5,2026-03-21,SAB,PERU 805,Administrador de tienda Jr,LIBRE,0,etapa3_final
8222478-5,2026-03-22,DOM,PERU 805,Administrador de tienda Jr,LIBRE,0,etapa3_final
8222478-5,2026-03-23,LUN,PERU 805,Administrador de tienda Jr,S_0730_1730_60,0,etapa3_final
8222478-5,2026-03-24,MAR,PERU 805,Administrador de tienda Jr,LIBRE,0,etapa3_final
8222478-5,2026-03-25,MIE,PERU 805,Administrador de tienda Jr,LIBRE,0,etapa3_final
8222478-5,2026-03-26,JUE,PERU 805,Administrador de tienda Jr,LIBRE,0,etapa3_final
8222478-5,2026-03-27,VIE,PERU 805,Administrador de tienda Jr,LIBRE,0,etapa3_final
8222478-5,2026-03-28,SAB,PERU 805,Administrador de tienda Jr,LIBRE,0,etapa3_final
8222478-5,2026-03-29,DOM,PERU 805,Administrador de tienda Jr,LIBRE,0,etapa3_final
